Signal Strength,Noise Level,Delay Factor,Data Rate,Bandwidth,Combinational Depth
8.116262258099887,12.602077838247403,7.606805639697323,95.69363843164854,176.89604162483292,2.0877423006107403
19.063571821788408,17.536565256438138,0.343410472942135,74.01332758644169,45.13882553534899,23.336795606782943
14.907884894416696,12.965471792453606,0.3190231601370728,35.97188944170435,210.71815849866368,16.109561476588475
12.374511199743695,8.991614019067502,3.3037411695804586,30.357022547477868,162.49657258106285,6.008609640882767
3.964354168406294,10.428614199527036,4.937567585006191,35.620619744839104,341.7891134701546,1.472055362947159
3.96389588638785,25.73504456147266,7.727033436297153,77.690699586937,306.8318322318183,-1.424000954240607
2.1035886311957896,14.285017328260663,6.864624228404401,66.47569049597102,188.6509268167946,-2.729717149696981
17.457346769723767,21.392143747163395,4.514436793129808,19.334361218879327,116.76735158494515,11.553913127424723
12.421185223120967,27.65377718846856,2.8089039961884925,18.236824198074352,494.13762341624,4.647706104999534
14.453378978124864,36.067767288321434,9.97153255156134,10.741169321626334,232.4607943860963,-5.257529028173625
1.3911053916202465,6.769046292849453,4.319194892136132,66.36996925043248,347.25437553231615,-3.746870181753716
19.428287191077892,40.97346795090692,4.568731540863787,76.67289355995186,78.87095411339678,16.79189540631444
16.816410175208013,33.255517527090845,1.719875829797525,27.239596404175398,247.93895283310493,14.611329849977846
5.034443102887247,8.679156437699236,7.968614532624301,3.0735511420603685,23.49299273603809,-3.328765150617075
4.4546743769349115,44.31103808480498,6.967454035236737,9.134995080166307,257.67300777612047,1.0628184543425356
4.484685687215243,46.43925802393159,2.285619166608728,96.81814344965801,482.36852948767415,17.63909272549082
6.780602616231217,7.748508193468869,0.9155723515968427,30.249032970264604,198.26128936304212,8.888703577043497
10.97037220101252,17.459494166624168,6.83694309053966,77.15309163597523,29.108046161706678,3.452677214583403
9.206955354200199,41.279057590687756,6.579661021383239,62.84169331657211,25.168337550478327,9.93516044865123
6.533353663762797,38.67168606726462,2.8052693172822725,38.81202432563669,200.11351237396605,18.255793285264026
12.62520499972521,13.30344587103698,9.513549266279062,21.363038957359954,88.41221886696508,-7.532557395695734
3.6503833523887947,14.420719550151963,1.5954731286309125,13.017255397781236,21.442527200811096,11.617722516978557
6.550748322169145,21.67124462561219,4.380114530321759,61.8862838358478,380.54467083558666,6.172876913283492
7.960875022580142,26.80353433359596,9.441797609659229,77.688744283141,234.67627435212643,-3.493719772584355
9.665329700123683,32.82146471886332,4.255300437568611,64.74652110057194,151.72993826660073,16.83862868421766
15.918343266467259,21.601113780639757,6.4214068818744465,53.499911191666676,451.0407596780756,3.6378933886812406
4.793801861008835,25.814062225991655,4.036184539831663,5.15317111973199,66.90809049825755,9.68517181061489
10.770454329858621,38.63619221601905,2.8147305032518335,96.88038898184399,478.4002261881064,11.782347253697058
12.255876808378806,6.650744130076905,9.8413787148023,80.07270497380289,163.84369151490287,-10.598275901174683
1.8825578416799567,16.359662495480933,4.152406662518926,29.98938163339551,445.3177994312538,-0.3677602146176122
12.54335218612733,37.10073136480486,8.951582116423431,98.01706260652621,305.4420094749361,-1.5161553064341444
4.239958350058539,45.28430769592397,2.3765505983217534,60.58627737399589,415.08660627332887,11.67465991285686
2.235980266720311,28.025484895204976,2.209736569848325,58.659843162517404,492.1664499731275,7.907159023808786
19.02882520781333,28.945106836939203,0.4082274205566625,75.05924476352368,151.3186645311854,22.862304017705316
19.347008628416628,9.822740510289922,6.551501571221262,81.36520902092361,480.95638784972056,-2.026485646449544
16.35954961421276,25.13355650705546,3.7484108028652354,65.99138212581876,200.84612850218596,13.055646363846789
6.787661614294043,28.967776990476043,8.657146673412408,13.681478890253803,198.90083332109194,-4.519250463513058
2.8557701661212933,15.911172663562835,4.784778076246416,34.48848309345534,176.78968108470778,1.9880486288936032
14.00042750373098,17.115945392722143,9.685114936355745,92.88028039227892,275.2897276003167,-4.72706504335566
9.362897381052425,21.97778733970802,1.9367026054608996,23.23694557254134,85.53107115745868,18.10036142261585
3.3187264620507975,5.903203899997687,8.699369362760546,37.84453535991382,281.3186278254255,-17.490330920979815
10.408361292114133,19.493562451243022,7.788308842638243,43.7756114114754,275.43535808090195,-4.226234361135578
1.6533819011891495,14.51516031484451,7.732126261976115,44.50109397975076,383.3318881763863,-13.18283873711399
18.27708763949686,19.73738084800616,8.463353958357187,61.681018666958025,418.48848134941693,-6.299487801534807
5.916819650400321,10.389295931866304,7.634137510335689,94.36450793672606,225.8162616530878,-2.9794626068061723
13.587923402725657,45.07372763329527,6.2995811841510125,24.82857847141799,158.14329218223193,7.35505909036176
6.9225104456988085,31.71166040993219,1.3993242890556372,13.028636253790888,137.0740996853763,15.02938880972358
10.881292402378406,35.55960436150203,0.422009176963394,20.549578496133794,105.36567998538725,19.025797182571043
11.387495307522313,40.51270573733022,9.2163936933753,88.80556512071769,38.24731527752219,5.168645873573313
4.512234654985013,27.429898951807576,6.204838113755306,64.9352704528654,177.79950962900955,5.679003187205705
19.422107927526614,8.911412963934065,7.985719180664145,29.304772134676853,142.4213691440838,-4.367296847095797
15.727523643861176,29.16979438183465,4.867071279974246,81.7787469578931,483.5445190745396,8.135154172959584
18.850479889719594,31.407850310939562,1.2613510707277054,86.27562963998017,283.27732486252154,19.3969385959839
18.001719658125328,38.54477633829485,1.3393393428052496,84.80491953033753,180.1657491249487,23.208307000312228
12.360099597410617,24.42467958033557,6.887096343566816,91.9737268303159,294.429124486911,7.729959996490342
18.51561046543922,10.74111362580037,4.36002835950468,25.971860997162796,78.2063836593908,12.239212202402399
2.6813575389864703,17.769915760942602,2.0851947943333338,75.74915094588155,227.58143710907942,8.676254561251485
4.723674385963759,21.33870333793858,4.966786012740225,46.59341023013986,316.8548174963213,5.579032912854588
1.8593184893002233,34.06627585992206,0.7356684770438274,84.35785673611609,249.55993757830117,18.088024837483964
7.181276284502022,30.685023710101035,5.861516878952548,73.12057703899971,206.87161232061888,6.023277557185079
8.384868504100158,21.024352665403082,2.763034703907467,77.86829720347274,496.9857105608521,10.097375244088393
6.155631603704022,49.39318619568409,7.995835096308163,65.96002193042608,441.35423345297426,2.9327515628419154
16.746012673886657,32.25986687105993,3.1725833933433805,18.56544817750098,315.4689194981257,10.680989209409029
7.778313207178196,15.675205628119752,4.606679475909831,54.95766497079689,288.99490697931856,3.6378956584875644
6.337755684060235,9.580211267918168,0.2150433450901963,98.48230421292631,314.1236351140462,14.314266387853085
11.31122558000672,11.87866126329494,0.8172241891661329,93.80141858321477,108.64293283299229,18.617076331656428
3.6775602745204905,16.068097777302867,3.9856862084261797,5.274199843904155,203.61749419951613,5.578222963189171
16.241742634326755,12.230661796680005,4.851394463699522,17.316666757214275,29.335171116540664,9.696900060469467
2.4164622299156457,13.39551608230876,6.040203426381106,14.04114857200163,243.01755836854505,-2.417035776341623
19.75085179540983,17.82928259122312,2.987459529222102,72.87201108854426,276.08204613925494,10.992076736097271
15.67265061663649,12.801811788263967,6.980320672652771,81.96074765583757,121.5973706905727,6.3931680023865916
4.775597949149276,45.354444108189135,8.615211732173126,22.13762526475652,482.37413511110174,-4.333744702255774
1.1049202253484456,8.6105185547739,7.820524790044163,51.07941660223107,455.6327593592486,-14.944915812012509
16.49376714064185,28.60301253066146,0.4922263709487358,84.2295997731088,363.85018537339386,18.527230147244158
14.430289533104725,23.467857214534767,4.857018777852506,73.54735293185881,271.3594480950277,6.944500543994721
14.851136192778759,49.20703776088729,1.1388087663399313,54.68148334369298,436.2848882273656,19.89131785018817
15.65413658703297,10.041750597562356,2.496245657039022,59.44442135541851,74.01964847349683,15.840942232556213
2.4068483829477167,22.903501957058374,9.86795967334475,51.327694144711714,397.3497991946937,-14.662050697080842
7.81084884234118,48.6261694973916,1.510705874724981,30.457296680563235,71.16219884375568,24.823939429380488
3.2015121309774646,43.94782066522911,5.038992719168425,56.937177293042595,399.16322464920864,6.02595742838559
17.398965091636278,41.7682431927176,6.219741769749379,69.19964490295898,145.1261084431649,14.171308762078956
12.8426644097236,16.605627217022292,7.054403208386629,87.45896867021996,439.77438469891257,-3.3803682572204843
7.2870624722003345,12.689941432552962,5.640521966520449,63.99284404394556,472.58062597444496,-1.7661457795785458
2.207608655434449,35.08894489659939,0.19673138944991825,76.35103216727263,82.91002500850666,20.046393000859762
6.908664112597582,46.82191951074136,3.3319669516155197,16.847091860502726,236.71104648204283,15.00361053214907
7.178483118508193,30.05433018562684,5.225345269508643,46.6941899675592,490.6838152997157,2.236257554639006
14.862517388423218,30.722571026145495,0.9698783415338502,1.9238303628822364,246.86964362684185,16.280588941065723
13.11359195574905,17.59905921471279,3.5712066189708898,25.42120758764068,433.1382860321271,7.290622932115117
17.857042108950203,39.62718199363716,0.428710777034529,72.91970979618748,298.4784458443467,21.126516399139305
9.972083578077036,13.416968685088552,0.8779271218347053,99.18918518358699,193.9116548806049,13.553351196306867
3.272290672827732,19.565565638190968,4.029540434395801,10.818631859134374,150.0339422076764,9.983088326682832
14.551650957236905,24.144639737738753,1.4138859650262976,40.747937270267535,109.57931463218276,21.78055120078161
15.454915923721051,27.842467040800475,5.718654397789425,80.2070259012168,383.2811137750716,4.413228244981735
11.664266753820428,15.908437958678611,6.925703194458931,21.199527828260987,199.40484834328365,1.4580446831895402
15.648376419136659,10.167657113264159,8.025808321179921,55.95340998092634,260.5249764783681,-5.1997500559700836
10.382116330923424,32.47790190987347,2.08148741802362,73.5740583069378,251.23948520057914,18.32193483639269
10.931923758257888,17.98837489581151,1.7580775643647908,61.982559575757726,292.8667243242343,14.006206827678902
9.123279348812442,31.155719964017553,1.1352216193105626,19.6144487269262,434.1328013560306,11.76045740021511
1.4829634081378087,11.946322187339103,6.400659470482003,36.1830722998882,490.5622783558804,-11.15509331760074
3.049937112872785,26.651304583466786,7.0941096922203215,78.59538666405433,209.7162622011703,0.3406930670493997
1.5971545280479509,28.966524464821365,0.4127028337738562,55.868424899069645,415.4842718320885,8.75763805469578
13.091797814011828,7.332059157009211,9.368501237812529,1.5177317407483608,384.61861938081165,-17.51400015145652
6.972763640450207,20.147192518726428,0.6145157081495769,76.33808524278129,291.0291862132309,14.92608328573074
10.662843132129353,11.04866046225384,5.458833719480597,4.495824139083668,478.4631003698472,-5.300165017912546
18.243763004595767,7.851873671274548,7.119699142564072,74.82764449039198,108.23251260891736,3.6198355031083875
5.736552353828624,49.54821045754753,8.722594325086247,21.045575456358502,63.53946305171449,5.467174121275621
8.797275537676965,19.505923023862536,7.169460628111035,95.84927453181864,428.44136380815684,-2.4062507562316267
15.355471632317926,41.44435006345857,8.037108022390939,37.42613437890636,225.18341015053667,4.096428270803803
5.347165144340827,16.458829464369373,3.4605569061737804,33.36623001746983,425.01473856145964,4.703761762059998
2.462618286747067,35.66762250007682,8.166768626090471,15.739916982912023,447.6142005457533,-7.235519205102035
6.505277605361592,39.210253695035895,0.8931369792082839,31.254817333531275,40.60422087334501,21.928655305862577
4.0632044578260835,31.803743327352993,8.958684894999223,87.78842542099186,442.8977338631697,-5.469904372530984
18.66425539450889,26.220928484757128,5.521164523921988,99.63709942509749,229.67633713101688,12.71229333995817
16.35428721172392,23.532841136627084,8.191247922628687,37.462643520177984,260.1119196120738,-3.8701620787615036
13.034671373698046,20.69907199443479,4.577951016731171,45.412452464499715,317.030330435673,9.130937736661949
17.557751213566636,46.828811491152166,6.471419182445597,72.48502288207096,463.92747729774254,8.820734519761558
16.269769461083175,42.377873350447814,5.311386343267521,88.73338226604238,19.366886270584374,17.55151833377681
4.544831118834681,48.426210979993066,7.342736265377785,59.71138908449163,243.65329947573036,4.806639434139823
17.95862097130958,10.593375056849514,0.9081368221028369,39.7610441196051,346.9838007909747,12.686340813597559
11.247502596397364,37.889036384163994,0.6974856315065816,41.849562244013754,364.1264092721319,16.82979866292522
16.341362948117187,47.225320556946706,2.54632201670045,69.86619650318389,349.3408914531829,21.141328774944654
18.025734698546373,13.155487977454706,1.6794923331205647,1.3186080968235894,75.87321340997971,19.439978858100872
7.042066024465414,7.992332031504987,8.730657309262797,62.33934440852423,156.7038383021238,-8.905002810137727
3.090986566025858,38.35042921805266,2.270218474844639,36.19380803369438,185.77060745433658,12.304003464251203
5.330768088296892,30.851290093096036,9.7610660326094,79.62553579643134,404.17423176295745,-8.469289900980373
9.11504798389887,42.882294954122244,3.435268338533958,10.206073342490084,146.592337483131,17.241126059661266
16.54228055252737,11.289756948183028,1.9029673653181232,59.23202442789066,113.24543229492956,15.128774608630495
17.353881081870526,40.787029033695056,7.918015220710544,48.61631609872625,479.14952932866714,2.6256684015202714
1.1320904800926233,14.073229402148504,6.621206977458673,64.59022706461752,14.34300970559976,-1.7146719681412415
10.704198748973749,12.364517428956702,5.032137592886076,7.420505853813866,498.9322192841693,-1.081779511947245
8.930809059826801,12.391960906894681,5.598099154282549,58.418394955385,341.64243644012384,-0.03238805055633742
5.220048398943875,41.6558624104122,7.220097604895412,56.586974207992846,415.94995673006736,4.047316652368677
3.277441979339973,34.933874931329,2.3617019391798575,56.50534934720092,154.36350420963464,19.955776276538412
7.414688256668931,28.53794411461037,9.963705768961745,60.74527899304903,17.01448605685939,-4.251792666068136
18.915284374337865,21.147371785557613,9.750452305253154,67.97032578540986,371.55606409514974,-9.017875869444095
7.14085570839435,44.47402433658987,6.538224294834675,80.69391096839621,418.7308525303311,6.967585791673496
10.857021813123955,22.66002983401859,2.075470264198537,27.71225129269322,372.8333046572244,10.082064246789392
14.35736021900838,41.746974776220966,6.8342596000697835,82.67989160782615,79.99664077741092,12.497873527900525
7.908962445206585,24.76107088565983,0.8147642488938408,50.327312544081906,379.17968190591483,13.39649355932223
19.463859571698254,21.96249932412084,0.40345977183748005,8.628769634298784,386.7721632327441,9.423654003645941
19.286498603900114,25.82059035513229,2.6510605962610154,6.796541995153941,332.6848526783269,11.938630505076507
5.7838636206819185,18.562004337386394,4.6799672717192315,34.08959355091002,385.3968070698372,1.0322141057867777
10.447721611955323,38.6424221079313,8.695897803542968,78.70480073403529,424.5015054420887,-3.2014388787177177
6.716687886518623,27.62241755416156,7.298973790686449,71.06041253935066,310.66601597635463,3.7208943514835537
6.411969393171884,15.44957128160678,7.452794559879812,79.07288150256824,53.41630984514274,-0.0687098882950754
1.700851999736123,45.48085579735558,4.312384011035946,52.20963658771933,248.9376267369333,11.934541387523556
12.58172234561804,22.275104961794515,3.524756426214933,44.57970079759357,48.04817398908648,15.041401327025351
10.550901441348369,29.459878750129487,3.7732837535475667,15.597800143922111,209.6960852058911,11.072311756372999
1.9780962737497978,45.79124499340461,9.877730680986973,33.49108260732184,209.48217967155753,-5.57884873759304
6.294282820495617,33.090709816129646,0.4970809949835766,43.96791725121365,42.34482362871837,22.09363636531055
18.257051833366422,10.260411831876382,8.683611811612241,9.771442538282106,180.92206164504486,-5.5781138485011565
5.551675922672476,47.29244556260638,5.828886544866695,22.840583318409916,64.38906840774428,13.36397030044119
3.7530025697332388,33.2468623882138,4.442292649976945,60.22430411231014,406.03525290451887,5.82891978946241
10.299602445273697,20.070752659568875,7.280050838109851,73.83064830967979,474.36713272259067,-4.260058396706332
19.727358628101413,11.267243269852425,4.918022520104558,99.83640362790202,45.43507287638992,10.673652462910239
5.599050158718508,40.73113351716332,8.74689005700844,93.37821980301221,478.0064515729337,-5.621266052217922
13.770575400711692,32.90327401678311,9.016948453711459,64.61395475398396,266.0625336750051,4.564847805279463
15.470772691245633,29.00574913893447,4.275037176047208,42.70355727611313,156.7871821973982,16.286492944309956
5.5151133358555935,45.225166237293095,2.8405951926270108,63.981559106115036,47.66241688532012,18.14842326906147
14.836110623625332,40.486874505103884,5.964268253074286,78.77951018994297,255.30589135450472,8.729466656359659
7.987879521665811,11.825369587973803,9.13239712160524,12.715282901415344,399.31261680046686,-13.280494703445225
13.01381078127801,19.02749305079967,2.1855556711560995,41.580584079932535,356.47237386068207,12.284535155930005
13.037064504457,16.18201129165096,6.267369177278479,84.14042627792611,34.61074561734715,10.042251925933185
11.17971899742041,38.47758316577046,6.352446178915954,38.999462241371354,45.72189933027272,10.723920968475165
2.715505631033758,6.508959563110072,7.3578189219112815,57.61535485149147,207.4079084899922,-7.169232520720716
16.87074741619552,30.645035819209244,1.4025200827598723,59.18916672535762,154.6923420834922,21.681574013193643
7.094821234462981,39.31064085833108,7.186667150352677,19.263149060230297,123.86831829746345,5.193009422781599
4.54385169759723,44.45445365427872,9.099421954589847,36.86130872357655,147.69220446526967,-5.701673272993976
1.7747276895405144,20.393678692215836,1.8788627778153957,34.11661758545128,403.70654421547346,5.463288724839016
12.226965920576594,41.95657871024058,2.451678916746389,3.5934741446744147,465.3217462796084,10.039633976145376
13.873722875003367,9.978428162984326,9.716811431012232,3.3949846252441693,208.50032031850753,-11.885124088510358
1.315168749629267,43.090353128053316,1.891671831823949,83.33800732390158,453.9943910449236,17.905373951797287
10.729768107686338,10.73698980493921,8.558412424358833,28.03401018730843,167.53289361146216,-5.665714944990319
5.303419728760821,22.877928075216527,4.973550778835544,52.289797857642725,243.4541233084579,5.725949097676874
13.258283017779547,40.878291460079915,2.547587636591453,30.573831785288533,120.75420892983986,21.66026058231238
4.312962151094837,11.746284230694819,8.720424022597863,94.12724526641871,323.83326066616354,-7.827649163402268
14.127817023946854,15.316312785468867,4.508522024526388,26.670379127711602,489.70074643565636,2.654856955164561
8.347971579710212,37.501365577687984,5.196691803903933,43.536024461154575,305.71161706125554,9.814129475314084
18.797869785997957,37.401644144573346,3.6564103570576805,87.40029479797558,185.32890121563895,23.42911280529391
3.6128979387738718,33.85164347983838,5.970213429205781,84.35142311238906,327.4305485353589,2.8691882143869925
7.4802606699549115,36.2276800010195,1.7188863385917255,19.424040366781455,70.23113244803992,20.171570959811476
3.155996903571192,29.42259995064183,3.971707212852431,80.46168766977533,445.44294933004534,4.763553380659692
18.569178747292693,16.330957650812874,9.697181991119347,46.36050178705137,256.5111358821198,-6.834261440932749
17.66944771423864,20.556319707676373,2.655520983741163,48.813918336450165,230.1813735994246,12.653229390865468
5.900890926587957,13.171897256064154,6.601692978958793,14.214517269178435,297.0737463422244,-4.767039140702466
13.539696874649401,45.88027526001328,3.3193816358244796,8.979549861955341,316.1440927668072,13.662198376666701
16.527221803823103,31.25263076447542,7.757383944297346,73.06599139040276,45.17014505099139,9.984066186451997
11.548815420389785,23.038313754363795,1.3956492411116634,50.149654083174674,344.4824383994672,15.724153297980962
11.063360988764122,25.79026116398597,9.701228346277592,44.248219558902775,128.5465233546095,-6.856381101456163
5.595193527108582,47.62775028253169,4.592516459698029,73.22131463658728,359.836789928229,11.612968831674758
2.768952588312085,11.900813140223608,2.4368995871299934,76.78577700011986,413.0420492482564,3.7207566369406138
18.047099401113208,31.380342440755875,0.8276177985671254,16.731908599266003,403.93966870073496,12.48374639187197
18.10794308610328,27.76499054980097,1.7806032603666535,61.41228979828649,280.72547402986567,17.144688206068484
13.028927688192091,32.51544059455915,5.2457620907045746,14.400054145490866,264.8832472322681,7.37255556842626
7.441566029925313,5.814958271937823,3.4363314466697346,75.38613351687552,80.00922105631174,14.354578079007645
7.634981917640557,44.24557590248682,8.305945322237834,66.03856047044681,389.9196136975364,0.3160451475266176
14.793157898534549,46.94532271176256,4.3657864842518785,95.70484748726234,142.99059641889005,17.280428401286045
18.045094939098966,30.430993261514402,2.562271298617536,7.826843619285697,253.3807571807938,13.544519408820799
17.85464206103723,36.34928707446015,6.209735367379897,6.648417393974177,149.2943055344832,10.89277041462081
15.817635371294854,46.512472152978305,7.097094447165913,28.936520394626815,75.57589786984964,14.503951858000477
13.198601276931468,36.82573854410293,1.7537148882194038,26.90886268985469,318.4832714769509,13.076368759128439
2.598659334905928,11.86425693114176,1.759430241254345,25.450901108127983,36.62269706322287,7.366043008022551
4.070945567797661,30.93297620750659,0.4630471266420755,90.71920347158263,376.836164721838,19.26403077742814
18.072529582014507,32.302177087228515,7.390379949149841,25.705073785101103,165.61752967794718,5.732881638786518
12.52215213353221,24.08588020860737,6.67166482345587,27.92302288673447,10.065999572197807,5.754478755855378
1.1747439807159634,38.13999060311253,4.798845669923157,76.18042797937841,260.4532782262426,9.029358750994453
2.92795931445461,47.04651566460567,8.457287444795051,45.52424440260346,32.95743517852553,-2.0784476137937213
13.60653361305306,46.650583080804935,8.076134514205528,77.89434513856294,145.32308333224074,7.753764895983459
1.096170093078155,25.287771713185943,5.895008207527846,7.471249598874139,356.41847885330094,-2.757385144624866
4.0553529769324745,10.095712062833986,8.695885677081261,49.269548173665044,40.71791459471427,-4.212049750933812
11.425941997965136,49.317853953305054,2.137827979364006,4.327746418144981,421.27586125444117,12.378477041230335
14.146008756161171,42.75041389006704,1.2080042320375062,7.202667142080098,11.871762102705723,23.731067076893925
13.38726393054941,10.609820654147008,2.7705211540181973,90.73730788109668,130.9436959089321,12.520152295337184
5.261116879750636,46.437884717781756,0.665159875284217,14.78529174064192,373.042987514515,15.894595804439048
14.531405205603182,44.145336292795776,5.358578327210217,53.70964754524649,164.97237336736032,12.510935528135212
5.507732662439201,28.347712570673245,9.372396353720118,41.69846465746995,59.92727015234663,-3.954608620753267
7.182594265026086,31.607394608521815,0.4895010526182455,35.38698929962543,186.51462021220965,16.13458655184106
15.183336697242458,22.955121674155862,1.3088881486992654,90.08350122303997,142.4927103284175,22.088451491460685
13.343025081897078,7.4642737469914096,4.576770380006009,3.160516280773461,422.9288320586719,0.40333862311614066
17.13524479938938,20.08387587406554,9.345362673526258,66.71517893138332,163.54047961672015,-3.3621185486330405
13.494644953706525,41.12840518691051,3.22994543926983,96.37604898714149,396.57691117024353,16.374036911591094
11.797863463373961,5.208441035207128,5.121624606015085,56.456650162722354,447.01735095726,-4.93396195109352
2.779820588733757,20.007462726101487,0.5115713045988818,93.74542374127608,222.57053559249948,14.515244523474472
7.986600258129237,22.91759121159245,1.5685976895246798,6.173530049316353,455.87214048865206,8.074453087945276
6.0388449859527835,29.18280213220653,9.867638217292583,42.460538588341976,194.8858464419645,-1.971103675959049
5.635803224202588,46.39350273857422,9.65467509471685,26.755621305243064,482.398424080153,-11.827672625973545
19.487200540296467,20.585569746468256,0.14890581125065522,73.35127553309225,53.751867017530735,25.877144515676214
8.468856768668449,20.612894085330247,9.522936675690065,98.14841195922742,346.63944058658893,-5.446928931294496
17.948884548365154,38.18755616493868,6.427287384373454,26.396476181980532,251.96887982389504,8.080358244342474
12.991633893947995,25.349807340041323,8.692391115748219,65.76328554593337,199.94791467326706,2.8068487680226992
16.10141476729132,15.107217032299188,4.601924570775205,20.611665643214273,320.02882058681445,5.71102779034159
10.55010476899865,25.3597782259712,5.204400682934577,56.96769520258938,354.88997490082227,6.960306234757109
11.961173807900822,11.338565917090992,4.93958114454351,46.929316182145286,12.138002128651452,9.318894156082811
10.357836182558414,12.937414392780049,6.701956149706433,97.22852763352218,91.80701348612737,7.87420950099237
4.709616768162846,27.426549773276587,1.482547422087498,61.24419999695019,359.39256481081617,14.9422251185608
14.7265901899686,23.851645227704655,0.3967385397395118,35.60113083659506,336.52885265332117,14.073804678815497
6.33467488637626,46.168065548064504,3.1485064217527903,12.295482703905403,483.36327751305186,6.804249378134518
1.462003362197623,21.30772546024849,7.076339551092802,15.973436044758522,382.9085172228837,-8.081698176731138
13.263973622236188,31.126475762511955,2.0983491760171886,23.306376065172273,475.87862678835563,9.536975751817153
4.36510290873393,33.45189295637887,6.766981089916682,25.8456994726895,354.2448457520554,-0.5030981844880131
18.86871310270537,5.5892505464750135,9.702129256461978,85.21098972627264,156.04558223332714,-5.683988985249956
19.124642963049162,34.85918174075198,1.029617086315242,56.56105603996997,61.62881190291967,23.611322312406045
18.382423414188523,13.011618509138815,6.75876097042875,52.815700226062276,393.09369303901843,-1.452664797143657
8.033015304853443,48.24816428612548,4.493127171115254,12.36211831505253,325.6331185231988,10.5701077995279
1.2936757140484811,11.689822748890084,8.694608318337304,86.15382964159406,33.61114607271515,-4.139576822205687
18.63805268916678,23.658085567716068,1.8537829155291206,72.55861601763989,186.4247282914794,14.478764356598298
9.135498818028973,8.840735063538974,6.956996927039029,7.6991678281001565,478.83190958730023,-10.703491718687921
19.36644156182972,49.85934133306763,8.39734136751629,71.0756746257471,255.1965613979986,6.099707765835349
19.308779564695804,27.598775464905916,9.45168077279283,54.81028351692196,222.03727664965527,-0.37956423799435024
17.20717965387984,31.79232577940197,6.8641554800674935,9.090809228931047,234.27280652805405,3.1998847817581213
6.594528949322128,8.018441482479236,5.02203016368343,46.37176351133699,112.35253476253023,0.47647948025860476
8.316856843436579,38.748221167963,6.216687677992017,48.98493242587465,190.66651372374966,9.732636186039716
17.171596758820282,14.445751689301359,8.702159346339311,17.4116794761643,191.20849543371654,-6.559533723456598
7.021518097969276,45.41244302483212,5.7490364917244134,94.62411655302795,35.653959891861476,13.7047250186219
4.220362187035757,14.231283821690322,0.4008318909986849,85.14756177658553,386.10813797377995,9.472300904398965
11.579223986708653,13.580947429864995,9.31639208551908,67.23321139558172,214.0871716329007,-7.228873647680265
18.78694070905484,6.64473505316427,6.926314835212455,46.76726053906011,412.8681445400474,-6.311957741383897
14.224566136824487,26.243012529949965,6.79748251919474,41.76478861686634,426.67052054874875,-4.058495987951418
11.831162231697935,30.41785099681774,2.2351840087374,65.44637324794446,113.87708680234245,21.5592596194198
2.8463533816446023,7.956888774275857,6.622966155303306,54.99775507128364,332.103206263363,-3.884488792519939
12.685137307284226,39.89874275127548,3.9992576159761692,7.165037482306676,241.41808403986104,14.075009841159613
19.811023151981,25.397997563661242,6.547206472710771,51.73776222826284,441.2768015815277,-0.21060101270784992
3.6615962894939567,28.597562119741102,1.1552710000491082,80.83395810605111,115.71293279646252,18.318321251837467
10.848263394910997,24.834323612220267,6.612668515570056,46.46474788209885,342.12846815192165,1.7390418319750176
17.670088366631152,23.03433773938967,9.9941958851296,6.143701177872573,307.79853990383407,-9.148102936034684
15.074603737329884,30.183814908869806,0.5772991847195047,78.84154173901928,154.69772401019807,23.900568645905793
14.243299078910091,11.985811066882063,9.774024423791042,20.935014431461465,76.93444278907458,-9.578300304122493
14.347197595755077,13.1867658722872,4.128388811156419,26.603462653915837,329.30348263386554,5.468697337557496
7.830331873175348,43.78035294560828,8.720459158338866,17.305928989797295,371.912754484842,-3.1836473769693114
6.578245041025374,47.575195796013475,7.845616292176907,33.691291422278255,164.6573984440415,7.042125807248409
16.37786195409176,21.798919232588883,5.7134609837680115,75.91839906317487,325.96797597093376,7.998054246113466
16.392154498904432,17.183510291459918,7.410647171588132,52.419200090889795,203.6141447296366,2.9191878765016352
17.47437405302197,33.97997944575571,8.797304056883345,21.283246140920543,359.47137280848267,-3.5097896256174868
18.351570498572954,23.39303769941434,4.100989184345226,87.90517773705204,107.61548469808602,19.39987812285664
10.715505578357819,6.142386004715519,3.337628299476063,88.0786036402014,446.20535129172544,4.999990016443869
10.528809599056792,12.026866881478567,6.7091745170794885,87.18726407955468,150.83070226813408,1.7225410292071768
16.167608400368728,37.21875029813289,8.09767482521846,24.64082492677239,190.21513400051492,5.580881814478568
13.349314684777537,34.65157738595681,7.646622834288496,45.67269507391782,38.465056519371394,8.701768405527357
14.337370667896364,6.219319662656757,7.998355123700481,98.51397595794663,64.64098403742543,-0.9240418230874579
16.12006071928592,14.988747286982726,4.412274816648036,77.42923515468905,262.77233232904075,8.44207453802058
17.91010149453376,15.398365846463212,8.196558740132714,3.689574701330422,141.12041159670602,-2.1886591150620625
7.4219079801791805,35.23517346194278,1.2900696481690237,7.455254534788713,419.38531061367524,12.971519436788707
8.136076100158936,5.886974198946387,5.49044206981241,46.929206304420944,17.199760440927385,4.807486524241281
2.785656856976511,9.684886189305823,0.15701073893140355,91.01280038029445,195.75608384924874,12.98215949964098
11.987322678927306,40.99622384179352,3.3133997160126762,54.33147799731871,175.29931791685541,21.484458861108223
1.6829032021380996,13.034509792445013,3.727969195226839,50.28343829539473,19.470539149624507,10.496024970877631
9.846362344516743,34.37357485333436,4.022109646931629,11.441896295706428,70.94051551025001,14.890153948376172
11.310248059443955,15.718225147102693,6.985125346229635,66.02123036770512,212.68491071013128,3.6038280873801845
6.444283790437404,9.474862674170533,3.946725202576423,82.38821289942233,251.50364637924883,4.469378347264321
12.225831950811205,15.942748594975434,4.542066863963053,38.66158074324867,208.10197615488585,8.55141430263582
1.5795047488419391,37.50201193350466,2.451686895655842,77.78557324160742,270.159462421926,17.186161650596958
1.709615586235074,43.50634106478286,3.795192737130467,96.48318873618035,301.61452070378397,11.921222525092944
16.629410652533508,42.359893905514625,2.3499693099052,21.17287945364122,14.862672352639459,21.0640191184093
7.843622186813995,22.873258832830466,0.824639645307592,52.80963348827939,237.4066281322169,14.484677892336403
3.414149740385811,35.063831145679075,6.074141074475641,29.42665785037298,482.11462803491827,-3.06825192073235
10.922621941041283,14.224293293711943,6.715306705694661,79.4925874843501,264.3258172634789,0.061091214016745665
15.629877508873605,18.191647861745597,6.232954425495183,58.181743222234594,341.99571105488707,1.9757783755771794
5.10059952244002,45.33511183345039,4.688591033625666,63.82365933748007,162.81329037927276,11.259959763811166
12.834919040561005,5.5850865579831215,3.8598792237743753,79.99350180197351,389.25577529485366,3.9689078322390623
2.621601834881592,8.847883888451063,8.64700313076107,40.201076793583034,388.7315261192964,-13.004679507509708
1.9819527022035461,14.35488148157123,5.238909672848559,91.59391677229728,265.4350633505281,0.6122446694788828
11.095737999794812,6.193949174321887,4.8439005885343365,53.76985785736785,488.24677340681467,1.133896591163969
11.272067310592023,13.164594579040878,0.35385645148371336,16.637527460699452,71.51960523370016,16.847411669574374
13.111168128465925,31.236870243636147,3.478353493498948,69.89401269871145,18.304355795894686,21.913363716453397
14.79573534073057,23.964104776662406,3.863936625979985,79.53287369338719,387.37752376097706,9.354689665152524
19.541189509788158,45.17022699846387,4.048345530879315,32.35940602968514,405.50621330879244,14.570013487396428
10.80970661772271,41.78496027822984,5.843706455350589,85.86074644287655,68.90154226908236,12.997077545027096
7.1361729858836735,20.38178082640442,5.3826652125960965,90.70818222181087,140.13558814971697,11.098225773010068
16.108537700605368,16.67405450440816,6.118260418655102,28.413544250403085,18.600658049648167,8.012673386214573
6.14581277397941,22.08615836752701,7.67234428926707,98.36862579880699,153.7212192824767,3.5977680155311775
9.340456993407086,31.56327241316635,8.148558813289325,14.930441276827084,388.83951822014905,-6.93645788347083
2.4906712455030533,17.062863837029433,7.209418454642295,20.999551171846505,263.8006585791637,-7.425126879888154
1.4816641248936926,33.08670085321103,9.559684589953854,19.238259084564586,180.56684065246117,-7.993791156218032
19.290319878880577,23.42352434860582,0.28050256849598015,89.50498129077917,192.15225450410185,19.746554721329645
16.88362228973191,29.84212313833911,2.0382020582671063,65.77496268017123,10.663276600579396,23.982655961997484
14.223509915780262,24.62569381108925,0.17487246228360698,16.058324039005015,156.90225850696558,15.446686585614088
8.770105943871128,18.250959179386296,6.509999670130569,44.59201841846655,326.7647834025859,1.6208653377813793
4.29259208134607,47.68039881329705,8.99050243460487,61.9145044819104,487.355277470015,-8.420571677164347
3.9723038107506348,39.36226073718924,2.5104747361053628,9.262944413948945,425.05980522211075,10.38086551231845
5.754615065127311,11.305092909490366,9.277641993483435,88.35922047232653,21.56153267630927,-3.2327485559458267
11.435306629416289,44.081058915406075,0.6966471638666524,80.55675000871199,450.29469629067125,17.323243753398902
14.577322531301185,26.934403921228114,9.35091666537459,51.01547058408718,393.7672225163267,-5.824013142064366
13.543750157636895,45.25485021023411,3.581064603672381,96.74553491065787,392.3843005497804,16.93853098382915
6.318744041972914,40.99348651762919,1.1040662016472436,42.35833694823487,234.41792191175003,17.401655784158205
19.14244033260069,24.134607701115506,4.910130415944623,98.42692158461328,205.02259354770638,11.389805166658418
15.020041417219602,6.011118874405283,2.642088020433029,67.12407988155908,158.4287071282644,7.277630071650558
11.532726997716614,17.090481172322573,2.920241729423036,63.8324560521402,42.19048088763923,16.975047982069672
12.622694178452692,29.373539659739013,3.142170652770237,17.429534634282714,121.83532811191256,12.233824386722011
8.972401186128009,33.50651989217663,8.049956388543368,88.31084807215976,130.83578113923207,5.088427878778325
5.706888800521992,16.604945844494104,5.437696639085019,43.3214791041409,247.1977641579988,2.447844476544516
7.76348089437397,11.271023333277085,3.1819462216444365,17.061107172465455,376.2477592323801,5.050484248007564
15.399076098823013,42.57186065596846,6.142304454778092,2.248144477600145,242.16681591499383,7.190124558247578
1.2734762839653615,49.29809813165985,7.189891674809616,56.41581268019988,38.343780229108695,5.98893563095836
3.2053801696314084,28.656058203620862,2.7989776072619845,53.212562590144955,479.3170024842199,8.483777830235052
1.8740501984133022,12.725567863173659,4.19413610510098,72.2160086145467,471.934916356115,0.056078339942324584
1.7738472440604327,17.253829693371603,1.306672324035781,89.1355472487624,394.7428761427201,9.444446590993985
17.253751096209136,5.827580444636003,1.8933785603933353,8.861251879659923,495.7506717664681,4.13055911205726
14.36949932822045,46.143446295222454,6.843066754253329,73.41815254369587,276.7963430721288,5.922470534813696
10.00930275265918,10.298798730056351,1.896239642186707,19.55378246566064,481.756491624071,5.986335354054053
2.858849052369028,30.94324139814141,5.299117498303896,85.95952826255923,47.04646990220788,12.780978752906192
10.340701627219815,17.33248493092427,7.119557991052083,82.08728787230396,189.18356664807195,0.7831881665104903
9.995963644830749,29.938010113210705,1.1580815386379641,54.53858174356889,120.43682132331526,19.704517817777855
4.290835528290288,34.31391747583389,5.716390974326145,71.31403706370784,105.95821122579231,10.076528184085532
9.243181335521488,42.33838116682407,2.6399715586435013,32.12066120519109,78.99344495741128,19.572456469097087
8.571589953550095,14.288957229227144,9.63297606485204,47.64562199434865,314.9826843673384,-10.94139242229266
12.701151862992113,5.494812289631621,4.887101902527254,82.3420528733367,392.8477093161795,4.192524661570248
13.066779366485232,11.159853353096327,8.079326242774066,46.467254520148174,293.3662157159767,-3.4692307605429846
1.8607761856688458,45.50083888316473,5.547242767346991,36.422028267218735,82.01172769822274,7.121132126627969
8.117639677902954,44.32505349031319,0.5297840752627098,49.92703227777969,407.45064726740077,18.557889304172637
12.891338398570491,31.883589597663875,6.368198618380821,82.99667599128462,321.61780651022696,9.529262597270506
10.559588913021667,32.0232587195144,9.518893087845905,34.1855966897164,200.20119600222782,-3.5259937819553064
17.273306982578124,34.9266503545815,6.0559570194486785,18.202397720438636,340.32384481267087,7.854208272674347
13.515179000759955,12.891707538055233,8.209969708325223,71.4893880127473,137.3534398289881,3.0345319767512113
4.095754114547164,46.14853756662319,8.853643987149237,82.7718430581001,179.14418216216316,3.396263128481393
2.340806200608167,23.84467362014329,2.3579897422944316,10.9631103738298,459.5680631346752,4.78510439973393
13.205966285919997,22.241233771227385,2.199243915091444,24.747537162838526,152.347207778996,17.42259266609141
1.5037149002908143,28.35129673772769,6.148711789624818,15.055226986338397,240.29425139738893,0.1040928612092128
12.129736044195802,7.113468504877477,4.1691818510863765,35.4461997466345,446.16915732404715,0.47884326291450663
18.864374587074195,12.482751594023574,8.414626898380531,45.584746911635854,356.78346163108847,-7.287046035160694
11.9340093796417,38.21151273918667,9.01022892164031,75.13380735936734,40.47958082070435,7.570536936637601
8.375228597923916,8.72594005663069,3.5988716550969095,65.46361090328574,82.17849169669547,8.630044856287647
13.22247615040471,32.14184492598747,2.4450185338473727,62.471928180364685,13.842379478239241,24.990866104877686
9.706804919338817,16.040709935659443,7.827202600914232,35.88511971435579,319.15167721229005,-3.9823152898790823
11.366718997002764,22.518302631888943,2.8205797519265476,84.30330775539123,229.35997845110498,12.448107047208346
18.88783136675398,17.991218154681494,8.243881753285416,47.657429572418295,75.79467694211502,2.2406420657919703
8.335950118214711,21.00527224092271,4.295008711122752,97.9313888635003,479.3877193178175,2.1473377241431466
19.26262071265437,37.357065733291044,6.708744002985558,63.780071691277946,269.53326473335375,9.45460974997746
18.201662197165213,18.370477203042874,1.045799606963215,13.50020941488577,128.5277141153157,18.599524280974865
4.720031560996633,30.488208813360373,6.276207314298072,67.94157864546797,255.2957498658067,3.5637028923672522
2.3178647166281436,26.422268098959485,4.572500019498568,33.1852975277382,343.01396304020284,3.6726445842957984
2.9147820261711064,34.86520244131917,5.907423785437193,68.94639247192364,47.35721680704659,13.777974163683279
1.3462146873794447,47.15733826961411,1.763340656674148,7.894473668078168,144.60486937346707,14.344099012701614
2.7944162543626394,37.965744374461266,7.395050074947403,18.31326228041998,405.4130905331569,-5.9937204192024485
13.97712869491078,14.672317036584055,8.641691067677963,85.71798863167285,235.23578649730402,-0.08281434474986549
2.352584320744351,6.40324107775781,2.2457240208986793,23.490776145327974,277.8227995958245,6.806301316443234
7.060536975581464,16.80188199349213,1.0475740996496012,83.86707139905107,222.07984108263994,15.409850702687987
17.052630908419637,31.77850688151147,0.3340220018587303,28.648332756986633,31.510971895072508,25.44366723149082
1.4421667789806913,7.314161606791266,6.455517854388333,64.64530909581205,91.2173921118764,0.4091084948104129
16.474901169189778,27.336481124055634,6.1102309572789295,69.72090677747327,228.31540298352655,7.005094987588837
6.3552407206945984,31.857928201260016,5.512304385869293,51.75282056136024,112.50087804988463,9.11039637321053
3.245131724811469,20.040975086763236,2.396276251548157,31.225756992976397,34.48972404324258,15.89481652884023
14.238006141918863,39.69104916856199,3.9699693594645953,22.051793260738517,423.38833538539365,13.598375904719312
12.949914088817795,9.796921391019731,5.985315718343113,4.285746101680196,490.78433929041677,-4.45862355674581
17.671968257014004,8.381200178111394,5.017991902705777,31.090693722831656,398.6400082584023,-1.151841076716989
14.96634983227383,37.76849402916215,9.879076650127384,65.66311626259701,428.35461163528686,-2.4750842729501668
16.266137677312123,27.29710922927893,1.4507535503116582,93.89217702639978,128.56879385535223,21.27127774279257
6.3586568788548234,35.978107839248125,6.981931085071178,87.24924374404215,480.7072180014679,0.3022356333509477
4.371351331814734,24.56723023716858,4.102755804232491,76.84041287699496,106.4935951821799,13.18320718495586
15.261680281176309,16.088091495759805,4.339176187763586,79.05628698207657,476.20060707729783,8.700005669500587
16.329860046078018,41.85960429533899,7.204217880015944,66.83350544412353,497.461454043316,4.363155735806365
19.819597698012792,40.97371455360407,6.95511789811126,26.7683988990343,358.7441748155639,5.429690326771257
8.839735861317102,36.26134118844921,9.913434337651664,90.81230803987715,490.76042857799274,-7.404821506633182
8.06834363006288,17.246531175348323,1.3711034655958398,67.40249887867758,289.0744919878808,13.387883793969706
15.75184625409794,31.56038000910892,1.130685528903247,56.483622467063554,137.17547375628425,22.73529277868082
7.475267264807339,21.243825362301205,7.270954289574537,11.987957452134626,224.1279839761542,-6.692801500875399
18.68438918646773,9.121193299698536,5.82603047836345,45.25849883683612,300.8448583356051,0.8927071420871917
17.309842285017226,46.279110895800926,2.814190598942078,46.5754688489907,45.80996539323735,23.8479547348576
9.150886520125349,11.156838391353263,0.8862517529909674,86.59179734274433,314.9481996624506,10.364283673837049
15.26655028803845,47.76068092193611,0.9480166710046624,55.11817379859106,490.77714001352433,18.6191829894168
15.336314607608964,25.070259783108007,8.952489659174772,38.65965434807055,103.15274839402653,-1.0704792063728976
2.9593535078827196,13.330981797737884,1.999486514715555,97.70323252255527,398.3716069813078,11.422957072960674
18.148505226911766,29.385542632026116,3.3013784649436557,11.961338739305251,454.87040895201346,12.256677152771822
10.599795076509286,44.282562614438376,2.3438983820471817,42.83229440288252,472.4137804819082,12.880208011056574
16.70269185604709,37.95011988843025,3.6144634277361796,5.1604428419691235,480.46644615866916,8.871705324270843
7.080942419581623,41.295251653765234,0.7872960431863243,74.25050795592611,265.51522297352125,20.029344351917146
18.014941341427807,34.64525150198228,5.238691929991877,91.88957866771591,488.8808749158368,7.871938256942117
8.3948318959491,36.15244540330336,0.7693643795629276,28.723695625498454,381.08200149587503,15.416931207858696
1.2059153781256688,43.213804320439365,8.02352942744138,85.97582600311297,89.21900375611133,1.623722792646864
18.20225755196601,16.235060398663368,2.413749610913287,29.929604815727878,243.6810521693053,10.299851881310873
2.7344468589365376,27.02412336394132,5.446117954584655,91.16624600274761,361.98227593228194,5.345422151279742
7.066959114217882,14.954424881882101,8.812782966858437,75.64222845608161,131.19675475135085,-2.581232791442967
19.051177373965295,49.445060359849116,6.5436859535672225,80.68577090730243,323.9014399389548,9.130458892502784
19.061535791813565,47.4826702858976,5.376282086858219,2.7826490044449956,336.6342347328434,11.447782244346737
11.895319874342436,6.774206511582765,3.3109041558422185,96.31822535032858,89.72287446619728,11.116130278928901
13.004907031226185,36.75088276320598,3.39671893927616,72.940428214962,286.8918031018506,16.481191759829922
9.520464917588075,46.63617428370496,6.727920856462082,31.170358443227197,388.0971863795178,5.609068344708339
6.571004662263226,13.12589053073001,9.94197967608956,83.11007182102584,254.45887562261154,-10.948873305218168
7.244626362028403,30.557535374868326,6.652207979508848,28.870598643078065,15.930527220292639,8.456970634136129
13.77785066546373,46.19697339146188,5.622055831963246,87.40263011704667,14.428849848853167,17.455863576182583
15.29511605931592,6.527569036360948,7.3334400513685365,12.145458650781764,184.94437854530597,-4.612029808909713
16.04000183079112,36.383912026107794,4.7055355616088095,70.66491176861878,463.8350935315732,9.265394341032483
16.002744713096526,18.380705331764787,0.6954091917477736,54.52914918784612,122.0516220057683,17.546645839230536
2.732915957925117,46.59782879194387,5.6667384771913065,10.55691254934864,320.83820754712673,3.9830558161431098
10.393985789349047,48.697621032441546,9.580490316603264,24.947488997625058,118.81717663972708,-3.2041368179964005
2.093616440316241,47.491992010104525,1.8354991293408307,2.2279995914541644,167.61829493317882,14.403961295148285
11.441048764150976,26.33963974958587,6.931048419124591,47.40802858098608,425.54062390472717,-0.9144510258157154
9.389079526094163,43.791919294519104,2.0892435177246593,30.825260815240036,367.14210671227397,14.836322709713476
17.866379472407697,43.00472293407817,5.404694076283504,60.237390945478126,56.74564588347321,16.548737412454198
7.667385238489495,19.359521295946504,1.0570968515025243,30.4265429631531,220.06399028335247,13.605599296834033
3.2242733121245113,42.30119633678048,4.558672268956033,30.691992039191483,24.293184186179587,14.803408938526724
3.7168419590038813,6.665343562197168,7.586016956062936,74.57612667442874,245.6361718354744,-5.0422990466739
15.468702002631973,31.832144531692386,3.540958089965923,5.766140761856992,334.59266573352335,9.475764638421094
12.74614320300896,15.350397677946637,6.682626072423458,90.38660452400674,68.06628556309425,4.588688119706816
2.9213308463330145,10.425509859977547,7.974954611818319,85.37412356472696,151.55362006549117,-6.692015521088818
2.5980293161849515,8.462894073314413,9.279060412846581,67.11266363941425,204.9399464960569,-13.21601448119978
14.318413497723279,36.33299491451629,2.42295661036899,59.72893544063105,460.5702020814644,13.310350976811051
2.382497120919677,20.294373369562976,4.053227566512151,89.33794731582557,496.6949575572524,1.3829977650633472
16.615341126516768,37.614504718794265,1.6089185319711328,19.34768777334273,32.00653650785177,20.041354728195685
14.418602315973429,7.941035335952407,9.925586671367915,8.817947056892033,382.8938825127421,-17.893905637790784
2.5456268321960955,19.188065202377466,9.277309582450524,24.711506821044274,192.1447925371482,-10.10224193205546
2.611916567618646,29.277108156890176,5.4455755897775395,79.66324959131883,202.30451125244522,8.340797668650762
19.746151991522332,40.58254241775336,8.436129614326571,4.432356405921849,379.5898369400411,-3.0640371398457713
8.111145119366286,19.343862631943146,5.257483974993217,58.697876673265476,460.02895175125025,0.8882351064318339
8.042200794270927,33.16511193966541,6.273498311227321,99.54831410293968,475.9550113062487,2.0373551574320556
16.44319177789255,44.86899867062842,0.9823318779485645,85.7139132899164,292.79006715877716,22.91105343339125
18.997722970293314,32.713843468203706,7.577177162918399,52.62312321531535,184.98936805724637,3.8344128674435822
19.734020212634547,15.48317636391352,1.364363487988825,7.3004500193775925,395.8990520708018,11.250865070853221
15.31418551991989,6.098035170044211,8.27806953950003,83.30597792418527,132.99067779852714,-6.570479923900584
8.148932125087399,44.15444932554185,7.8420780679368205,60.298872309543846,286.3962741284237,2.2522911066693827
2.5865136172747065,5.957123488267421,7.116572507655467,12.378366708897117,185.70344614718786,-7.747439524625598
15.765791402621298,44.361575270788975,0.457987767195145,10.291871197512265,331.7492261168593,19.10846745004422
11.609680744980295,28.80217103122454,3.1009707238587536,91.05305512422265,127.79546731781838,24.0345770690575
9.06021817569255,47.25804643308033,2.7048144421173443,67.25082603086976,103.88054341006463,22.537679535609584
18.220733316799983,40.94524560981494,3.6653504339680394,83.0993931323588,459.9371524709642,12.199322609286709
3.1127521638168756,49.90703497400018,0.9676631929620015,88.01891112794446,59.88380464527308,24.154334850956893
10.359876981526323,20.782031695326957,9.375882448007522,57.6054628527839,257.91937479011654,-10.110724580898928
1.2157192505809622,39.52347300190071,5.582642183052525,52.22718882374909,118.21786365187437,7.637096198051475
9.9045521978884,23.0868911124159,3.1246906755144335,43.61231362177803,29.07568202957705,14.693974729239496
2.06976223795491,26.594402913675896,4.030117019035406,32.37771219132081,27.649220962798932,12.681505697058858
3.2575404090933664,33.237745844826655,4.527305150997873,44.02500012501247,95.8586683318554,10.2377514013989
3.232998688764993,44.315470138385244,6.045883900270111,77.61408591728548,434.71747370794014,4.031342501316933
13.334995740205208,49.28375611396828,5.205226334195328,60.59041967049802,148.41458454874305,14.82825802428947
15.174852706043042,39.572303623903316,9.20198053482273,89.35980570552977,475.7249935818949,0.17700211928380227
12.084006536846033,23.79950519753002,5.01993848076772,44.89462142353958,294.99492356470483,6.614877263078348
19.281278421016296,23.961065102468158,9.922364346750795,61.10186829315665,223.94095298669538,-1.4961939041780137
8.122541010950378,38.19120357150012,8.529107081676448,63.49944775610688,294.2435289880328,1.0732517219713635
6.428529639355354,15.744971559573605,2.1642540921376248,59.57801906832623,263.18220876087116,12.068220231338927
17.503383435599744,9.97133509091276,9.31289262497477,70.56074353546612,381.80036434108933,-9.458435414481423
5.2483209318696,20.957997093834944,1.2520273390662133,24.505913369105823,148.42307232669762,14.865588367210773
19.301228249371615,17.92575462443368,8.192752114062797,51.72401397703327,182.99469188414815,-4.072370764678832
1.2309350191065105,18.333865420519555,3.868170605418143,11.318255478026419,448.10620824129285,-1.9284307965941228
19.42769770744514,15.512348797245947,8.791945772406189,39.06662143683644,473.7636914436987,-7.789872134315004
1.8200383270609461,6.894193533636285,8.693761232063759,49.27903979350518,447.3535314683725,-17.41343502566588
17.931719160263352,5.804327063003622,8.07866146116445,65.57020169500177,215.52951703908366,-7.366475527761269
11.026321072639698,49.44750753812142,7.921301319439908,95.10257420603415,392.37909647337204,4.008281906456682
19.866331126266708,24.249791018113804,3.116323477070604,60.46445558828723,243.4045093175384,18.587749078239497
2.4021347299725786,22.294699122185676,0.9011009022073966,74.61579770147942,253.79452755159008,15.941902122957778
11.523231403625095,35.58412772118814,4.089503769775098,51.12033989002507,110.29325343806914,16.106002229529437
19.41674817676288,14.821424953927888,1.817892698366436,63.7762991062568,299.6538485966731,15.81151325896914
10.938859039232828,47.74825327776014,6.980015780134371,8.022289397243568,101.20658989914048,7.605587278649692
12.958574124569989,40.38552564869984,3.526387292724077,26.184766503342853,172.46670254292493,12.950173554825897
14.219225090707726,9.023495104051678,9.758540988513158,36.82345622730873,428.96479879376824,-17.297095858205605
9.63628023058769,23.791134910321777,6.445623565718787,47.77684214564484,111.46714651331907,9.480689175953511
12.923603521597204,44.560323840297414,8.242557579980174,5.51922580473599,44.86755973498208,4.488349875692113
12.101971926538905,47.51294100311346,1.4119942601442996,14.86238565777845,43.81372038027999,22.98850458204441
18.12200219932879,26.033068006244136,8.633943374498964,28.40461647133927,470.9844150465229,-7.286650483177232
1.8634812264876994,32.60351251448185,9.235296186082603,97.18173639920401,258.39101460129893,-1.5220534211430405
6.338300602252376,12.516527574143385,4.921912996307465,33.80335370320203,210.61191519033898,6.818282587186465
19.057818197454615,49.60258817616394,6.101904083734676,48.72206475309617,407.33050469388,13.271832248451187
17.91501189392741,15.425226562254952,7.671617028939655,20.4136735611009,419.5547046761528,-6.048774606737189
9.657478302928546,47.422929836080655,1.8309024098780844,61.46722703650106,172.77360622664625,22.54207324737659
12.782519358229198,34.23409920465658,5.07540415698808,28.787638336081457,349.87284816215964,4.758957918628126
6.270242476641521,32.34815576954866,4.0467639749458995,21.49226526540425,387.85017976742444,9.929146302463032
4.574302034751465,28.070982995742888,1.5491025224062664,52.140690216151924,330.7788365643177,10.513467193399277
9.810269693859661,15.380141527299141,3.7385907806861614,1.5450741168816613,84.28158665204869,9.988061159783408
7.713692332495004,12.943761440247872,0.7749058629163863,1.7587392322733075,439.18271092335794,4.053012512733815
12.08946612516657,14.92187940815789,0.35553787879992116,22.68781210108392,274.1563308406443,11.676568607733635
2.476958102334712,13.389721796491454,1.4381462626327455,4.635414887581293,148.4114889213018,7.095750231957527
19.513501345657165,40.081301310503896,9.634839604732822,11.694549658938445,218.36181086447002,-4.032823728571023
19.738004145112455,20.755636662502855,5.540342405360668,34.547204284536406,28.409834295464616,10.133754447323168
14.265072566375158,7.6029204453528365,9.661639395416877,80.45598227840148,72.6547325989846,-7.4819389241039715
11.185830960538288,48.60961835633651,4.381728995468307,57.63281569356078,385.1179077527718,14.439250314065523
6.8810247094402275,44.77036482335416,3.18697971754407,51.75410486968522,10.005701030129408,18.547358553500732
16.462105374432024,46.74885274378458,5.1108044421184164,30.055393497604044,214.11725595632316,14.091657350916819
14.009892278523706,49.77085201908959,4.45116571746581,93.24361822384883,266.0299887319383,20.02796351589649
4.089721847552934,12.825286214876929,1.1460803741912649,40.30448908248197,36.77086580047643,13.106635755749767
18.307616505383006,22.830890850619642,6.444180515433041,9.622183912781377,486.8082998564431,-2.9510183601379545
16.628207615540212,39.12073140668411,2.2387780068450365,62.08958509566233,120.80141231233925,21.79271905600638
19.046198352546558,36.32092781242065,6.233920753488513,12.270000954183539,159.05737262177763,11.400839908366322
14.78867065937884,11.925315785293478,6.536990814741718,35.17709113736752,158.93183100496339,2.508792013189746
12.654888722780008,41.712490624577796,1.6050460459736164,51.23378193306308,122.90416443750145,21.403020420756327
8.946617689521759,15.09982573264973,0.7073613083956147,87.5480299438324,10.722172822292594,21.261092880532424
18.72184118372625,15.07179266701804,7.829539702077554,49.86111145367175,367.3789491031182,-5.934791010384551
17.455213900507758,29.16384903020361,4.65202419531627,70.52361783713476,483.7542949016498,9.433751820662595
1.8591547320175987,31.682297067876643,0.6758215755042103,99.28886706090796,119.90380680967208,20.16245183360847
1.500972515447788,31.103879352701505,9.949176539980694,14.01742286990018,334.89312398367696,-15.025461351519235
8.152803970682942,9.116907682898969,0.6720275538640297,28.19842102643243,373.5292002097704,6.012172684263578
16.400513284854824,44.48573881836712,6.980848765699676,40.06303148416699,425.7284357543571,2.2036820286139926
19.758246456983944,16.952001916491774,9.838421360107795,42.760989675344305,217.08830653666848,-6.429605944374988
3.8579209309670355,10.828171457726189,2.4678830317376637,41.69108645128903,158.43614376381032,11.240634744664927
12.288483591690568,44.99366359410397,1.5082687500032423,90.85348925309894,169.39461567128524,22.92832591060066
8.236926275989408,48.0043174203389,1.3017109002820462,71.68923180221879,359.1844532182713,20.12033639317873
19.42837355847746,43.795742776945275,3.102423960919196,61.18261619497967,410.22193858776166,11.904387423448767
17.000259539578465,41.42822336261951,1.1003535290054023,31.627899068415427,98.9908442007353,22.271294387145858
16.92824538951162,34.48588912875598,6.952397282771906,82.55524803790817,191.76109399730495,8.905396149087705
9.905170036104435,29.78858167741127,0.7166888014876206,95.55099063701391,451.9506964070835,14.246224453313964
8.881570544415638,8.914404196013457,5.143279068682918,82.29862997247243,405.2798246504222,-0.858884703516199
6.194734366683418,23.380394588181442,9.96729885314447,1.1549454139558175,492.58061735361315,-18.295287175242628
2.071134436367615,21.77098326555413,8.158305668109586,64.00373564815729,379.5816472442196,-7.417963328142673
17.42972514884601,16.688920269214677,6.190672438487008,6.062402762767972,202.66564850368192,2.507622084058413
16.445119173471475,37.553905115986325,3.1319108457874556,26.503114813038465,299.4125386573725,10.32384689327079
19.99463579243648,27.314408078544687,6.276568779287221,6.892945334429397,333.8969845811869,-0.9558858450692327
19.9360999044042,8.647079715844157,5.317710492725351,60.77574984198939,48.44334999539073,7.521913240173502
11.553202406449921,14.90824408774151,4.318225500514678,68.97240143576808,276.8035099608939,8.89191361439963
15.610760888429699,35.74664436468181,1.3940327297279749,12.334276168524607,357.56720595157867,10.030898357540146
18.950548867766134,8.425888677063508,8.87738173088062,39.00004942145297,91.98743896051958,-5.812672545782109
17.14330042287082,43.30431113219459,4.552868023331093,46.16741438659866,392.509541538523,10.780363332163132
5.699613933120755,27.281593715628844,2.026762867025574,37.53624915433074,296.0486624519147,15.188299347117438
9.560338570891776,26.62639597969916,3.740817573685167,12.981475048034111,476.5886749918214,4.53061541398687
3.4540288878784047,31.65835030967829,4.199884550036377,42.47583122856007,30.78692612137693,13.936229584357985
19.126969517915725,42.110643466631714,8.292625166112055,75.3666267330334,140.0098074021788,7.3758459463878765
12.51731805456672,20.65141435559869,7.36278236755788,8.029758788792291,304.7614008569138,-6.764803658082988
5.344213304565792,35.510726865157864,7.716118447049264,8.937821394108441,155.31435698090604,2.1703604488864636
13.762313003711277,30.4579383798106,0.20920951784360742,36.122357891762434,360.06784039490867,16.832411439865925
12.74443656870002,17.01627215762396,4.2199245819796385,94.23084545027358,381.9125884357462,9.329417404169956
7.805091642623969,44.53834938598211,4.865307101189703,67.18869202556849,60.23282239257248,24.632210563494645
3.1575942517929514,40.884170972311765,0.2900035405482612,68.18832571058391,261.78868746131616,14.14047113429357
13.759890716263193,34.630332559629146,2.672150766575839,36.83007909294863,259.3563722396174,19.396924808953898
10.885846317172073,43.276177809240885,7.626869248909136,59.772418329645305,190.94757740561514,5.616607311173234
15.674049442977147,44.02823904319111,1.4573860867170907,2.0029872187465942,467.1331826591393,14.954637482988533
10.883106521127875,36.876333952176566,5.399570301380657,63.973508594544676,415.4780967378784,7.367339535767259
17.19144850605226,42.66559977636524,2.2304985329706515,91.41540781004744,351.632597135722,19.057254564378862
11.486229936715226,36.38621577511776,0.21999566897454342,61.6447733661371,360.0200515101488,17.31374916534747
11.65782145917234,35.606334729213515,2.487894430235461,87.49616075316816,236.24091046842835,19.702257439312685
17.656418450508557,32.837512019683295,9.761150173609533,72.67333249114328,461.2873153373222,-9.91913410268394
8.666174458035544,38.872248780093855,8.035217407641598,12.935283223965335,350.35175935410984,-0.6879084099160744
3.546289340562174,12.137229738188317,9.59980877877823,90.34287742129833,367.2007202113501,-14.201592153838389
1.5468708499534405,44.63918416395178,4.929755034870988,7.577940591221713,432.22854285579916,0.22547595125358288
15.347607857798762,44.23295874853544,1.1863883669072848,53.862779782228614,144.29507877767358,22.882637055817227
12.78588147571583,6.316127736555162,5.52479894083956,15.07157525555231,405.4647428946845,-1.0762895178850584
14.377515593885247,42.16175377541432,4.598335612143613,2.1589544623595023,105.6678954486811,13.467222162819702
5.046319068669304,10.799144036305034,8.459135119122198,42.78139175263626,179.21755659999505,-6.796952246117035
3.5910580361486257,20.080348441661386,1.0710175497640215,30.209030057761467,174.44912259222292,11.44794680873894
1.2763486476897565,38.45787153312235,4.933587256515604,49.114048885962696,489.47747951067885,3.3866564468201643
7.661163617325343,12.23419532217387,1.5854817804704442,58.14278878672053,429.70323963648417,9.307891895331494
12.208436050238028,41.8085160853578,3.314291676211594,5.3301681585857885,353.57323217922726,15.972718472747474
8.452636856894914,42.446038008098384,7.399835066139216,13.177326217250819,366.2578131915412,-0.09448333480959414
9.312023518450852,27.83604801923763,4.812579480750789,56.30559724859211,285.4156692572598,10.188064948328282
18.17901519538122,5.287364227257511,3.8212940229431167,34.973567964093164,474.07442688317434,1.097410134366509
7.6168538734427065,17.916715992871076,4.0053151578433495,73.18817526739535,253.16678891235716,11.81825153047353
10.765800294036405,32.7617113269084,4.648523007219268,65.57687321060203,196.45367783624832,11.59922445295247
15.889407242081719,49.153378011234054,7.871663783986863,84.71483193600078,89.8873150964796,12.267335693823485
8.534312864104134,33.43160871575007,8.931638420508321,69.5567898402533,395.2407696079184,-4.951026899956516
12.819647304329596,16.691161147887193,9.55781339638889,43.56317666162467,369.8775267170398,-10.894719415305367
17.38491046618816,33.53025663948251,7.890343523927421,67.62369561704881,198.3339688768261,5.077904698332508
19.0408918494952,29.299342087213496,3.2225282679053264,28.262736251286434,22.344772840022387,19.36835117482674
3.794396137651721,40.093042781801465,6.912533590256767,31.325036379043055,421.1086905818253,-1.095649357065633
18.605164878068393,9.814128747213129,4.432270928148379,79.10953083215854,15.594811892496079,13.36726973926536
10.350209568511225,39.24625561259126,2.6212391582559067,45.195532123756635,354.81289201823495,17.874091933823067
5.906643377680209,29.356996040424963,8.424628636316633,80.0396537113169,485.42598376576797,-3.954791955980422
9.723579368526964,48.33464017365476,0.48042085472701745,82.41981499315956,224.4540507926197,25.601940580209902
19.620618930424065,20.384247471740874,9.027443722140692,85.8986714284671,125.13696844801686,-0.4516536811185785
10.359743785864522,33.467985191027665,4.668626899784868,91.74688834827953,355.38679492125704,9.384230972981737
7.246280595462656,46.94126474795078,6.408294620401976,43.66753683081633,410.39278958763674,6.365954683256446
13.03461623201779,9.612937759580566,6.627603829837248,32.567815013792746,277.75085487814516,-0.1485208221260479
5.562766756785669,47.1752819256403,8.96166563299471,58.63767591281727,483.8472848755116,-2.446560928934105
2.4414032340646146,35.9548575035366,6.403029853455353,37.74606992032513,35.31767361240094,5.709330677253833
3.4487147163023355,8.052667659732736,6.177942489124612,60.50634251322306,257.3498431692188,-3.2930774471366533
3.4328709401976765,18.543360512606732,0.7598552015508306,70.85300040173864,362.0424341880495,7.725585298742953
3.8861511767335926,36.86774398903767,5.23223941725752,69.15209683072155,432.6938308630977,4.3830875493655705
3.6377162803387924,8.030777066094727,1.5866731080887124,38.08073581499201,97.83524983481712,12.028895888752839
13.176620151261078,31.197670707932296,7.400594310342707,17.519159968176528,402.0017060642039,-2.2846468516044762
4.4557216035837515,20.564737562883053,5.170997016045477,43.622404507758546,280.8264671020872,4.865629230056211
7.567678383153401,32.94119829953647,6.834255014162697,15.116820264108965,204.31130417508197,2.788094245094053
18.038979788214224,7.058391521563078,0.5125617159636042,89.11960648319703,74.54036400375584,18.801092471106617
10.005271164994575,44.219156276856936,0.9394409588534519,35.241868613047885,433.9949218653671,13.877866012290706
13.683597031899517,48.80700361298286,7.191601541820554,16.291514975109052,87.06387200806053,9.340745398329387
4.274077552830967,48.59950348785612,0.8136349263868663,3.5193282306693368,161.79605101245863,12.787390736453872
4.653491357364745,38.734332428431614,0.8054416048760601,64.93641624236194,152.12231066159407,20.008346352798668
1.7765037090630984,10.85388080587844,0.21987390482538577,64.05332942801958,436.9928767535186,2.4192666504899747
